﻿<parameters>
  <parameter name="IIS Web Application Name" defaultValue="Default Web Site/Online_Admission_Management_deploy" tags="IisApp">
    <parameterEntry kind="ProviderPath" scope="IisApp" match="^C:\\Users\\hisun\\Documents\\Visual\ Studio\ 2010\\Projects\\Online_Admission_Management\\Online_Admission_Management\\obj\\Debug\\Package\\PackageTmp$" />
    <parameterEntry kind="ProviderPath" scope="setAcl" match="^C:\\Users\\hisun\\Documents\\Visual\ Studio\ 2010\\Projects\\Online_Admission_Management\\Online_Admission_Management\\obj\\Debug\\Package\\PackageTmp$" />
  </parameter>
  <parameter name="Add write permission to App_Data Folder" description="Add write permission to App_Data folder" defaultValue="{IIS Web Application Name}/App_Data" tags="Hidden">
    <parameterEntry kind="ProviderPath" scope="setAcl" match="^C:\\Users\\hisun\\Documents\\Visual\ Studio\ 2010\\Projects\\Online_Admission_Management\\Online_Admission_Management\\obj\\Debug\\Package\\PackageTmp\\App_Data$" />
  </parameter>
  <parameter name="connstr-Web.config Connection String" description="connstr Connection String used in web.config by the application to access the database." defaultValue="Data Source=.\SQLEXPRESS;AttachDbFilename=|DataDirectory|Admission.mdf;Integrated Security=True;User Instance=True" tags="SqlConnectionString">
    <parameterEntry kind="XmlFile" scope="C:\\Users\\hisun\\Documents\\Visual\ Studio\ 2010\\Projects\\Online_Admission_Management\\Online_Admission_Management\\obj\\Debug\\Package\\PackageTmp\\Web\.config$" match="/configuration/connectionStrings/add[@name='connstr']/@connectionString" />
  </parameter>
  <parameter name="ConnectionString-Web.config Connection String" description="ConnectionString Connection String used in web.config by the application to access the database." defaultValue="Data Source=.\SQLEXPRESS;AttachDbFilename=|DataDirectory|\Admission.mdf;Integrated Security=True;User Instance=True" tags="SqlConnectionString">
    <parameterEntry kind="XmlFile" scope="C:\\Users\\hisun\\Documents\\Visual\ Studio\ 2010\\Projects\\Online_Admission_Management\\Online_Admission_Management\\obj\\Debug\\Package\\PackageTmp\\Web\.config$" match="/configuration/connectionStrings/add[@name='ConnectionString']/@connectionString" />
  </parameter>
</parameters>